{
  "TRABZON": {
    "x": 1128.2223633739306,
    "y": 160.5367695653984
  },
  "KOCAELİ": {
    "x": 374.00976614103604,
    "y": 817.5054589955337
  },
  "İSTANBUL 1. BÖLGE": {
    "x": 302.9787404004832,
    "y": 734.8581797114446
  },
  "İSTANBUL 2. BÖLGE": {
    "x": 183.14058530286968,
    "y": 715.2194014898132
  },
  "İSTANBUL 3. BÖLGE": {
    "x": 70.93591642309319,
    "y": 659.7244375375202
  },
  "İZMİR 1. BÖLGE": {
    "x": 82.95903790348191,
    "y": 424.8872487021046
  },
  "MANİSA": {
    "x": 195.0342339030616,
    "y": 362.95419848400036
  },
  "İZMİR 2. BÖLGE": {
    "x": 108.39514209918596,
    "y": 341.1320410125037
  },
  "AYDIN": {
    "x": 174.868202392704,
    "y": 466.46663106241
  },
  "MUĞLA": {
    "x": 205.35624314437325,
    "y": 548.2562098191014
  },
  "ANTALYA": {
    "x": 408.96655618905555,
    "y": 571.2964316970572
  },
  "BURDUR": {
    "x": 343.24281819798944,
    "y": 503.6802601509492
  },
  "DENİZLİ": {
    "x": 272.8502853204484,
    "y": 473.11625979838016
  },
  "UŞAK": {
    "x": 289.17323291618027,
    "y": 389.9268859589807
  },
  "KÜTAHYA": {
    "x": 312.55138747475286,
    "y": 315.0128420181656
  },
  "BALIKESİR": {
    "x": 174.3302140933694,
    "y": 256.67253713999287
  },
  "ÇANAKKALE": {
    "x": 99.25435923826637,
    "y": 214.0490288622283
  },
  "TEKİRDAĞ": {
    "x": 158.18295007580087,
    "y": 132.6367836743001
  },
  "KIRKLARELİ": {
    "x": 170.77439798386146,
    "y": 59.30094042966238
  },
  "YALOVA": {
    "x": 277.7214716774849,
    "y": 174.07681036477604
  },
  "SAKARYA": {
    "x": 394.7869093654629,
    "y": 166.64578185826826
  },
  "DÜZCE": {
    "x": 458.78437054390537,
    "y": 160.1583970776655
  },
  "ZONGULDAK": {
    "x": 503.20660687598195,
    "y": 122.42698339118056
  },
  "BOLU": {
    "x": 493.65889170627304,
    "y": 189.98971131110784
  },
  "BİLECİK": {
    "x": 363.727262178932,
    "y": 235.43970101453368
  },
  "BURSA 2. BÖLGE": {
    "x": 310.22439913492,
    "y": 214.43440407010368
  },
  "BURSA 1. BÖLGE": {
    "x": 239.74755252482666,
    "y": 234.2671155428842
  },
  "ESKİŞEHİR": {
    "x": 429.06689251197673,
    "y": 289.1404772423573
  },
  "AFYONKARAHİSAR": {
    "x": 398.93773510375564,
    "y": 384.21876396106893
  },
  "ISPARTA": {
    "x": 416.1868105050697,
    "y": 465.5594272023509
  },
  "KONYA": {
    "x": 542.4554278750841,
    "y": 453.2878430284608
  },
  "KARAMAN": {
    "x": 610.4275154259826,
    "y": 547.9533582151968
  },
  "NİĞDE": {
    "x": 722.6366714318367,
    "y": 473.0326795300437
  },
  "NEVŞEHİR": {
    "x": 719.7240684089817,
    "y": 385.1206046185424
  },
  "KIRŞEHİR": {
    "x": 675.6665268423554,
    "y": 327.4516936106002
  },
  "ANKARA 1. BÖLGE": {
    "x": 563.5432291889928,
    "y": 315.89011339819484
  },
  "ANKARA 3. BÖLGE": {
    "x": 510.8271595271989,
    "y": 251.16501815678527
  },
  "ANKARA 2. BÖLGE": {
    "x": 592.4577491868632,
    "y": 229.8742209097322
  },
  "KIRIKKALE": {
    "x": 647.4837162435342,
    "y": 276.72187849799906
  },
  "YOZGAT": {
    "x": 767.6952711330657,
    "y": 297.0532330995081
  },
  "ÇORUM": {
    "x": 723.228715346123,
    "y": 200.35008684238264
  },
  "ÇANKIRI": {
    "x": 624.492790749469,
    "y": 182.59806311284393
  },
  "BARTIN": {
    "x": 555.8620988611607,
    "y": 90.12038411084983
  },
  "SİNOP": {
    "x": 742.7942199707031,
    "y": 93.91614632554072
  },
  "KASTAMONU": {
    "x": 648.2134168784369,
    "y": 102.46794758908874
  },
  "KİLİS": {
    "x": 910.0425953872798,
    "y": 592.380052093632
  },
  "OSMANİYE": {
    "x": 853.1800257592095,
    "y": 540.5649658285321
  },
  "MERSİN": {
    "x": 658.5192521110879,
    "y": 605.0949249903736
  },
  "HATAY": {
    "x": 840.3165684330429,
    "y": 623.7006906795629
  },
  "HAKKARİ": {
    "x": 1483.4497279177663,
    "y": 489.3521327029224
  },
  "ŞIRNAK": {
    "x": 1364.9768146723839,
    "y": 510.986854278746
  },
  "MARDİN": {
    "x": 1222.1403858391866,
    "y": 524.5918401420871
  },
  "ŞANLIURFA": {
    "x": 1079.9945443782292,
    "y": 542.009884178453
  },
  "GAZİANTEP": {
    "x": 940.7092327785458,
    "y": 548.2721902405405
  },
  "ADIYAMAN": {
    "x": 1010.1085527563371,
    "y": 483.5587821091202
  },
  "ELAZIĞ": {
    "x": 1098.0345283683619,
    "y": 395.8301110894528
  },
  "MALATYA": {
    "x": 995.4444646841848,
    "y": 406.26946897980605
  },
  "AĞRI": {
    "x": 1393.0827973608725,
    "y": 278.3681763767
  },
  "BİTLİS": {
    "x": 1336.5045747838897,
    "y": 400.63419817504865
  },
  "BATMAN": {
    "x": 1262.437126159626,
    "y": 459.05175201734767
  },
  "MUŞ": {
    "x": 1296.3236994982929,
    "y": 354.1798818173155
  },
  "BİNGÖL": {
    "x": 1206.8815710698148,
    "y": 352.59593853589814
  },
  "ERZURUM": {
    "x": 1263.8344316954137,
    "y": 245.19991021103877
  },
  "KARS": {
    "x": 1384.3324193391388,
    "y": 194.93911610761447
  },
  "ARDAHAN": {
    "x": 1359.4634003785604,
    "y": 129.8638472939042
  },
  "ARTVİN": {
    "x": 1282.170584201121,
    "y": 128.4850348361726
  },
  "AMASYA": {
    "x": 809.6327342961745,
    "y": 188.60413594049612
  },
  "TUNCELİ": {
    "x": 1102.7793631079487,
    "y": 339.489553850557
  },
  "TOKAT": {
    "x": 872.0915668680277,
    "y": 221.02411517406517
  },
  "ORDU": {
    "x": 948.3901184011638,
    "y": 170.00226810964745
  },
  "GİRESUN": {
    "x": 1024.4601139314889,
    "y": 197.01430029921514
  },
  "SAMSUN": {
    "x": 829.8742568557604,
    "y": 125.46524064775589
  },
  "KARABÜK": {
    "x": 561.6091535268689,
    "y": 134.70121997829477
  },
  "AKSARAY": {
    "x": 651.9591674804688,
    "y": 419.47732503335504
  },
  "ADANA": {
    "x": 780.3433312991738,
    "y": 533.048381441599
  },
  "KAHRAMANMARAŞ": {
    "x": 910.6118859189075,
    "y": 473.0706523438618
  },
  "SİVAS": {
    "x": 928.6834720857855,
    "y": 305.5668616059064
  },
  "ERZİNCAN": {
    "x": 1103.3107671281691,
    "y": 285.91402549615935
  },
  "VAN": {
    "x": 1451.6610303282262,
    "y": 391.13305044243344
  },
  "DİYARBAKIR": {
    "x": 1184.5564371355304,
    "y": 448.97700872137347
  },
  "SİİRT": {
    "x": 1328.9388577311624,
    "y": 460.09054468749815
  },
  "KAYSERİ": {
    "x": 813.7334318784247,
    "y": 404.2912537870438
  },
  "RİZE": {
    "x": 1209.2705083007813,
    "y": 153.96048403930664
  },
  "IĞDIR": {
    "x": 1460.5803237304688,
    "y": 243.93007611083985
  },
  "EDİRNE": {
    "x": 91.58148273480968,
    "y": 88.7369824718563
  },
  "Çanakkale": {
    "x": 94.87138372115716,
    "y": 214.6094615924864
  },
  "Balıkesir": {
    "x": 179.54051360425098,
    "y": 258.3540064332915
  },
  "Bursa 1. Bölge": {
    "x": 239.3839093962286,
    "y": 230.70658943311415
  },
  "Tekirdağ": {
    "x": 155.4476156936516,
    "y": 130.46143221787054
  },
  "Edirne": {
    "x": 90.27977161131683,
    "y": 90.45426919799611
  },
  "Kırklareli": {
    "x": 169.29138089036636,
    "y": 59.399586254850426
  },
  "Yalova": {
    "x": 282.9948265645559,
    "y": 173.94489840038804
  },
  "Bursa 2. Bölge": {
    "x": 313.0752978031207,
    "y": 221.5507665402809
  },
  "Bilecik": {
    "x": 362.7383347421088,
    "y": 235.4412670107713
  },
  "Kütahya": {
    "x": 315.2947259684103,
    "y": 315.1609305378656
  },
  "Manisa": {
    "x": 195.18449940480383,
    "y": 362.64313066717455
  },
  "İzmir 1. Bölge": {
    "x": 77.89209936394542,
    "y": 422.0308433882684
  },
  "İzmir 2. Bölge": {
    "x": 114.35153499287632,
    "y": 345.79829149745035
  },
  "Aydın": {
    "x": 174.19331351153247,
    "y": 466.38709484764894
  },
  "Muğla": {
    "x": 208.10813554724285,
    "y": 547.4252148000311
  },
  "Antalya": {
    "x": 409.5217590508509,
    "y": 571.8669690285916
  },
  "Burdur": {
    "x": 346.1749929612416,
    "y": 502.7342866579249
  },
  "Denizli": {
    "x": 273.6101749884402,
    "y": 476.5130073840221
  },
  "Uşak": {
    "x": 290.3603667298879,
    "y": 389.62681251443774
  },
  "Afyonkarahisar": {
    "x": 396.86577062886727,