{
  "TRABZON": {
    "x": 1126.5086187450243,
    "y": 160.5367695653984
  },
  "KOCAELİ": {
    "x": 372.2960215121298,
    "y": 817.5054589955337
  },
  "İSTANBUL 1. BÖLGE": {
    "x": 311.54746354501447,
    "y": 731.4306904536321
  },
  "İSTANBUL 2. BÖLGE": {
    "x": 184.85432993177594,
    "y": 716.9331461187195
  },
  "İSTANBUL 3. BÖLGE": {
    "x": 69.22217179418693,
    "y": 654.5832036508015
  },
  "İZMİR 1. BÖLGE": {
    "x": 79.53154864566942,
    "y": 426.6009933310109
  },
  "MANİSA": {
    "x": 196.74797853196785,
    "y": 359.52670922618785
  },
  "İZMİR 2. BÖLGE": {
    "x": 108.39514209918596,
    "y": 339.41829638359746
  },
  "AYDIN": {
    "x": 173.15445776379775,
    "y": 464.75288643350376
  },
  "MUĞLA": {
    "x": 200.2150092576545,
    "y": 548.2562098191014
  },
  "ANTALYA": {
    "x": 407.25281156014927,
    "y": 573.0101763259634
  },
  "BURDUR": {
    "x": 344.95656282689566,
    "y": 501.9665155220429
  },
  "DENİZLİ": {
    "x": 272.8502853204484,
    "y": 473.11625979838016
  },
  "UŞAK": {
    "x": 290.8869775450865,
    "y": 389.9268859589807
  },
  "KÜTAHYA": {
    "x": 312.55138747475286,
    "y": 315.0128420181656
  },
  "BALIKESİR": {
    "x": 167.4752355777444,
    "y": 256.67253713999287
  },
  "ÇANAKKALE": {
    "x": 97.54061460936012,
    "y": 210.62153960441583
  },
  "TEKİRDAĞ": {
    "x": 156.46920544689462,
    "y": 134.35052830320635
  },
  "KIRKLARELİ": {
    "x": 170.77439798386146,
    "y": 59.30094042966238
  },
  "YALOVA": {
    "x": 274.2939824196724,
    "y": 172.36306573586978
  },
  "SAKARYA": {
    "x": 391.3594201076504,
    "y": 163.21829260045575
  },
  "DÜZCE": {
    "x": 455.35688128609286,
    "y": 160.1583970776655
  },
  "ZONGULDAK": {
    "x": 504.92035150488823,
    "y": 122.42698339118056
  },
  "BOLU": {
    "x": 493.65889170627304,
    "y": 189.98971131110784
  },
  "BİLECİK": {
    "x": 365.4410068078382,
    "y": 235.43970101453368
  },
  "BURSA 2. BÖLGE": {
    "x": 311.93814376382625,
    "y": 216.14814869900994
  },
  "BURSA 1. BÖLGE": {
    "x": 239.74755252482666,
    "y": 237.6946048006967
  },
  "ESKİŞEHİR": {
    "x": 429.06689251197673,
    "y": 289.1404772423573
  },
  "AFYONKARAHİSAR": {
    "x": 398.93773510375564,
    "y": 384.21876396106893
  },
  "ISPARTA": {
    "x": 414.47306587616345,
    "y": 463.84568257344466
  },
  "KONYA": {
    "x": 542.4554278750841,
    "y": 453.2878430284608
  },
  "KARAMAN": {
    "x": 610.4275154259826,
    "y": 547.9533582151968
  },
  "NİĞDE": {
    "x": 722.6366714318367,
    "y": 473.0326795300437
  },
  "NEVŞEHİR": {
    "x": 721.437813037888,
    "y": 385.1206046185424
  },
  "KIRŞEHİR": {
    "x": 675.6665268423554,
    "y": 327.4516936106002
  },
  "ANKARA 1. BÖLGE": {
    "x": 561.8294845600866,
    "y": 317.60385802710107
  },
  "ANKARA 3. BÖLGE": {
    "x": 510.8271595271989,
    "y": 251.16501815678527
  },
  "ANKARA 2. BÖLGE": {
    "x": 594.1714938157695,
    "y": 231.58796553863846
  },
  "KIRIKKALE": {
    "x": 647.4837162435342,
    "y": 276.72187849799906
  },
  "YOZGAT": {
    "x": 767.6952711330657,
    "y": 297.0532330995081
  },
  "ÇORUM": {
    "x": 723.228715346123,
    "y": 200.35008684238264
  },
  "ÇANKIRI": {
    "x": 624.492790749469,
    "y": 182.59806311284393
  },
  "BARTIN": {
    "x": 557.575843490067,
    "y": 88.40663948194357
  },
  "SİNOP": {
    "x": 742.7942199707031,
    "y": 93.91614632554072
  },
  "KASTAMONU": {
    "x": 648.2134168784369,
    "y": 104.18169221799498
  },
  "KİLİS": {
    "x": 910.0425953872798,
    "y": 592.380052093632
  },
  "OSMANİYE": {
    "x": 854.8937703881157,
    "y": 538.8512211996258
  },
  "MERSİN": {
    "x": 663.6604859978066,
    "y": 608.522414248186
  },
  "HATAY": {
    "x": 840.3165684330429,
    "y": 623.7006906795629
  },
  "HAKKARİ": {
    "x": 1483.4497279177663,
    "y": 489.3521327029224
  },
  "ŞIRNAK": {
    "x": 1364.9768146723839,
    "y": 510.986854278746
  },
  "MARDİN": {
    "x": 1220.4266412102804,
    "y": 524.5918401420871
  },
  "ŞANLIURFA": {
    "x": 1079.9945443782292,
    "y": 542.009884178453
  },
  "GAZİANTEP": {
    "x": 940.7092327785458,
    "y": 548.2721902405405
  },
  "ADIYAMAN": {
    "x": 1010.1085527563371,
    "y": 483.5587821091202
  },
  "ELAZIĞ": {
    "x": 1098.0345283683619,
    "y": 395.8301110894528
  },
  "MALATYA": {
    "x": 995.4444646841848,
    "y": 406.26946897980605
  },
  "AĞRI": {
    "x": 1394.7965419897787,
    "y": 280.0819210056062
  },
  "BİTLİS": {
    "x": 1336.5045747838897,
    "y": 400.63419817504865
  },
  "BATMAN": {
    "x": 1262.437126159626,
    "y": 459.05175201734767
  },
  "MUŞ": {
    "x": 1294.6099548693867,
    "y": 352.4661371884092
  },
  "BİNGÖL": {
    "x": 1206.8815710698148,
    "y": 352.59593853589814
  },
  "ERZURUM": {
    "x": 1263.8344316954137,
    "y": 245.19991021103877
  },
  "KARS": {
    "x": 1382.6186747102324,
    "y": 194.93911610761447
  },
  "ARDAHAN": {
    "x": 1359.4634003785604,
    "y": 129.8638472939042
  },
  "ARTVİN": {
    "x": 1285.5980734589336,
    "y": 130.19877946507884
  },
  "AMASYA": {
    "x": 809.6327342961745,
    "y": 188.60413594049612
  },
  "TUNCELİ": {
    "x": 1102.7793631079487,
    "y": 339.489553850557
  },
  "TOKAT": {
    "x": 872.0915668680277,
    "y": 221.02411517406517
  },
  "ORDU": {
    "x": 944.9626291433514,
    "y": 173.42975736745996
  },
  "GİRESUN": {
    "x": 1024.4601139314889,
    "y": 197.01430029921514
  },
  "SAMSUN": {
    "x": 831.5880014846666,
    "y": 123.75149601884965
  },
  "KARABÜK": {
    "x": 561.6091535268689,
    "y": 134.70121997829477
  },
  "AKSARAY": {
    "x": 651.9591674804688,
    "y": 419.47732503335504
  },
  "ADANA": {
    "x": 780.3433312991738,
    "y": 533.048381441599
  },
  "KAHRAMANMARAŞ": {
    "x": 910.6118859189075,
    "y": 473.0706523438618
  },
  "SİVAS": {
    "x": 928.6834720857855,
    "y": 305.5668616059064
  },
  "ERZİNCAN": {
    "x": 1103.3107671281691,
    "y": 285.91402549615935
  },
  "VAN": {
    "x": 1449.94728569932,
    "y": 389.41930581352716
  },
  "DİYARBAKIR": {
    "x": 1182.8426925066242,
    "y": 447.2632640924672
  },
  "SİİRT": {
    "x": 1328.9388577311624,
    "y": 460.09054468749815
  }
}